{
    "loss": 33.12139129638672,
    "accuracy": 0.4313725531101227
}