{
    "loss": 19.13007164001465,
    "accuracy": 0.4313725531101227
}